{
	"format_version": "1.9.0",
	"credit": "Made with Blockbench",
	"textures": {
		"0": "item/axolotl_spawn_egg",
		"particle": "item/axolotl_spawn_egg"
	},
	"elements": [
		{
			"name": "axolotl_spawn_egg_0",
			"from": [0, 9, 7.5],
			"to": [1, 11, 8.5],
			"rotation": {"angle": 0, "axis": "y", "origin": [-10, 1, 0]},
			"faces": {
				"north": {"uv": [1, 5, 0, 7], "texture": "#0"},
				"east": {"uv": [0, 5, 1, 7], "texture": "#0"},
				"south": {"uv": [0, 5, 1, 7], "texture": "#0"},
				"west": {"uv": [0, 5, 1, 7], "texture": "#0"},
				"up": {"uv": [0, 5, 1, 6], "texture": "#0"},
				"down": {"uv": [0, 6, 1, 7], "texture": "#0"}
			}
		},
		{
			"name": "axolotl_spawn_egg_1",
			"from": [0, 4, 7.5],
			"to": [1, 6, 8.5],
			"rotation": {"angle": 0, "axis": "y", "origin": [-10, -4, 0]},
			"faces": {
				"north": {"uv": [1, 10, 0, 12], "texture": "#0"},
				"east": {"uv": [0, 10, 1, 12], "texture": "#0"},
				"south": {"uv": [0, 10, 1, 12], "texture": "#0"},
				"west": {"uv": [0, 10, 1, 12], "texture": "#0"},
				"up": {"uv": [0, 10, 1, 11], "texture": "#0"},
				"down": {"uv": [0, 11, 1, 12], "texture": "#0"}
			}
		},
		{
			"name": "axolotl_spawn_egg_2",
			"from": [1, 8, 7.5],
			"to": [2, 11, 8.5],
			"rotation": {"angle": 0, "axis": "y", "origin": [-9, 1, 0]},
			"faces": {
				"north": {"uv": [2, 5, 1, 8], "texture": "#0"},
				"east": {"uv": [1, 5, 2, 8], "texture": "#0"},
				"south": {"uv": [1, 5, 2, 8], "texture": "#0"},
				"west": {"uv": [1, 5, 2, 8], "texture": "#0"},
				"up": {"uv": [1, 5, 2, 6], "texture": "#0"},
				"down": {"uv": [1, 7, 2, 8], "texture": "#0"}
			}
		},
		{
			"name": "axolotl_spawn_egg_3",
			"from": [1, 4, 7.5],
			"to": [2, 7, 8.5],
			"rotation": {"angle": 0, "axis": "y", "origin": [-9, -3, 0]},
			"faces": {
				"north": {"uv": [2, 9, 1, 12], "texture": "#0"},
				"east": {"uv": [1, 9, 2, 12], "texture": "#0"},
				"south": {"uv": [1, 9, 2, 12], "texture": "#0"},
				"west": {"uv": [1, 9, 2, 12], "texture": "#0"},
				"up": {"uv": [1, 9, 2, 10], "texture": "#0"},
				"down": {"uv": [1, 11, 2, 12], "texture": "#0"}
			}
		},
		{
			"name": "axolotl_spawn_egg_4",
			"from": [2, 12, 7.5],
			"to": [3, 14, 8.5],
			"rotation": {"angle": 0, "axis": "y", "origin": [-8, 4, 0]},
			"faces": {
				"north": {"uv": [3, 2, 2, 4], "texture": "#0"},
				"east": {"uv": [2, 2, 3, 4], "texture": "#0"},
				"south": {"uv": [2, 2, 3, 4], "texture": "#0"},
				"west": {"uv": [2, 2, 3, 4], "texture": "#0"},
				"up": {"uv": [2, 2, 3, 3], "texture": "#0"},
				"down": {"uv": [2, 3, 3, 4], "texture": "#0"}
			}
		},
		{
			"name": "axolotl_spawn_egg_5",
			"from": [2, 4, 7.5],
			"to": [3, 10, 8.5],
			"rotation": {"angle": 0, "axis": "y", "origin": [-8, -3, 0]},
			"faces": {
				"north": {"uv": [3, 6, 2, 12], "texture": "#0"},
				"east": {"uv": [2, 6, 3, 12], "texture": "#0"},
				"south": {"uv": [2, 6, 3, 12], "texture": "#0"},
				"west": {"uv": [2, 6, 3, 12], "texture": "#0"},
				"up": {"uv": [2, 6, 3, 7], "texture": "#0"},
				"down": {"uv": [2, 11, 3, 12], "texture": "#0"}
			}
		},
		{
			"name": "axolotl_spawn_egg_6",
			"from": [3, 11, 7.5],
			"to": [4, 14, 8.5],
			"rotation": {"angle": 0, "axis": "y", "origin": [-7, 4, 0]},
			"faces": {
				"north": {"uv": [4, 2, 3, 5], "texture": "#0"},
				"east": {"uv": [3, 2, 4, 5], "texture": "#0"},
				"south": {"uv": [3, 2, 4, 5], "texture": "#0"},
				"west": {"uv": [3, 2, 4, 5], "texture": "#0"},
				"up": {"uv": [3, 2, 4, 3], "texture": "#0"},
				"down": {"uv": [3, 4, 4, 5], "texture": "#0"}
			}
		},
		{
			"name": "axolotl_spawn_egg_7",
			"from": [3, 11, 7.5],
			"to": [4, 14, 8.5],
			"rotation": {"angle": 0, "axis": "y", "origin": [-7, 4, 0]},
			"faces": {
				"north": {"uv": [4, 2, 3, 5], "texture": "#0"},
				"east": {"uv": [3, 2, 4, 5], "texture": "#0"},
				"south": {"uv": [3, 2, 4, 5], "texture": "#0"},
				"west": {"uv": [3, 2, 4, 5], "texture": "#0"},
				"up": {"uv": [3, 2, 4, 3], "texture": "#0"},
				"down": {"uv": [3, 4, 4, 5], "texture": "#0"}
			}
		},
		{
			"name": "axolotl_spawn_egg_8",
			"from": [3, 4, 7.5],
			"to": [4, 10, 8.5],
			"rotation": {"angle": 0, "axis": "y", "origin": [-7, 0, 0]},
			"faces": {
				"north": {"uv": [4, 6, 3, 12], "texture": "#0"},
				"east": {"uv": [3, 6, 4, 12], "texture": "#0"},
				"south": {"uv": [3, 6, 4, 12], "texture": "#0"},
				"west": {"uv": [3, 6, 4, 12], "texture": "#0"},
				"up": {"uv": [3, 6, 4, 7], "texture": "#0"},
				"down": {"uv": [3, 11, 4, 12], "texture": "#0"}
			}
		},
		{
			"name": "axolotl_spawn_egg_9",
			"from": [4, 3, 7.5],
			"to": [5, 13, 8.5],
			"rotation": {"angle": 0, "axis": "y", "origin": [-6, 0, 0]},
			"faces": {
				"north": {"uv": [5, 3, 4, 13], "texture": "#0"},
				"east": {"uv": [4, 3, 5, 13], "texture": "#0"},
				"south": {"uv": [4, 3, 5, 13], "texture": "#0"},
				"west": {"uv": [4, 3, 5, 13], "texture": "#0"},
				"up": {"uv": [4, 3, 5, 4], "texture": "#0"},
				"down": {"uv": [4, 12, 5, 13], "texture": "#0"}
			}
		},
		{
			"name": "axolotl_spawn_egg_10",
			"from": [5, 2, 7.5],
			"to": [6, 12, 8.5],
			"rotation": {"angle": 0, "axis": "y", "origin": [-5, 0, 0]},
			"faces": {
				"north": {"uv": [6, 4, 5, 14], "texture": "#0"},
				"east": {"uv": [5, 4, 6, 14], "texture": "#0"},
				"south": {"uv": [5, 4, 6, 14], "texture": "#0"},
				"west": {"uv": [5, 4, 6, 14], "texture": "#0"},
				"up": {"uv": [5, 4, 6, 5], "texture": "#0"},
				"down": {"uv": [5, 13, 6, 14], "texture": "#0"}
			}
		},
		{
			"name": "axolotl_spawn_egg_11",
			"from": [6, 2, 7.5],
			"to": [10, 13, 8.5],
			"faces": {
				"north": {"uv": [10, 3, 6, 14], "texture": "#0"},
				"east": {"uv": [9, 3, 10, 14], "texture": "#0"},
				"south": {"uv": [6, 3, 10, 14], "texture": "#0"},
				"west": {"uv": [6, 3, 7, 14], "texture": "#0"},
				"up": {"uv": [6, 3, 10, 4], "texture": "#0"},
				"down": {"uv": [6, 13, 10, 14], "texture": "#0"}
			}
		},
		{
			"name": "axolotl_spawn_egg_12",
			"from": [10, 2, 7.5],
			"to": [11, 12, 8.5],
			"faces": {
				"north": {"uv": [11, 4, 10, 14], "texture": "#0"},
				"east": {"uv": [10, 4, 11, 14], "texture": "#0"},
				"south": {"uv": [10, 4, 11, 14], "texture": "#0"},
				"west": {"uv": [10, 4, 11, 14], "texture": "#0"},
				"up": {"uv": [10, 4, 11, 5], "texture": "#0"},
				"down": {"uv": [10, 13, 11, 14], "texture": "#0"}
			}
		},
		{
			"name": "axolotl_spawn_egg_13",
			"from": [11, 3, 7.5],
			"to": [12, 13, 8.5],
			"rotation": {"angle": 0, "axis": "y", "origin": [1, 0, 0]},
			"faces": {
				"north": {"uv": [12, 3, 11, 13], "texture": "#0"},
				"east": {"uv": [11, 3, 12, 13], "texture": "#0"},
				"south": {"uv": [11, 3, 12, 13], "texture": "#0"},
				"west": {"uv": [11, 3, 12, 13], "texture": "#0"},
				"up": {"uv": [11, 3, 12, 4], "texture": "#0"},
				"down": {"uv": [11, 12, 12, 13], "texture": "#0"}
			}
		},
		{
			"name": "axolotl_spawn_egg_14",
			"from": [12, 11, 7.5],
			"to": [13, 14, 8.5],
			"rotation": {"angle": 0, "axis": "y", "origin": [2, 4, 0]},
			"faces": {
				"north": {"uv": [13, 2, 12, 5], "texture": "#0"},
				"east": {"uv": [12, 2, 13, 5], "texture": "#0"},
				"south": {"uv": [12, 2, 13, 5], "texture": "#0"},
				"west": {"uv": [12, 2, 13, 5], "texture": "#0"},
				"up": {"uv": [12, 2, 13, 3], "texture": "#0"},
				"down": {"uv": [12, 4, 13, 5], "texture": "#0"}
			}
		},
		{
			"name": "axolotl_spawn_egg_15",
			"from": [12, 4, 7.5],
			"to": [13, 10, 8.5],
			"rotation": {"angle": 0, "axis": "y", "origin": [2, 0, 0]},
			"faces": {
				"north": {"uv": [13, 6, 12, 12], "texture": "#0"},
				"east": {"uv": [12, 6, 13, 12], "texture": "#0"},
				"south": {"uv": [12, 6, 13, 12], "texture": "#0"},
				"west": {"uv": [12, 6, 13, 12], "texture": "#0"},
				"up": {"uv": [12, 6, 13, 7], "texture": "#0"},
				"down": {"uv": [12, 11, 13, 12], "texture": "#0"}
			}
		},
		{
			"name": "axolotl_spawn_egg_15",
			"from": [13, 12, 7.5],
			"to": [14, 14, 8.5],
			"rotation": {"angle": 0, "axis": "y", "origin": [3, 4, 0]},
			"faces": {
				"north": {"uv": [14, 2, 13, 4], "texture": "#0"},
				"east": {"uv": [13, 2, 14, 4], "texture": "#0"},
				"south": {"uv": [13, 2, 14, 4], "texture": "#0"},
				"west": {"uv": [13, 2, 14, 4], "texture": "#0"},
				"up": {"uv": [13, 2, 14, 3], "texture": "#0"},
				"down": {"uv": [13, 3, 14, 4], "texture": "#0"}
			}
		},
		{
			"name": "axolotl_spawn_egg_16",
			"from": [13, 4, 7.5],
			"to": [14, 10, 8.5],
			"rotation": {"angle": 0, "axis": "y", "origin": [3, -3, 0]},
			"faces": {
				"north": {"uv": [14, 6, 13, 12], "texture": "#0"},
				"east": {"uv": [13, 6, 14, 12], "texture": "#0"},
				"south": {"uv": [13, 6, 14, 12], "texture": "#0"},
				"west": {"uv": [13, 6, 14, 12], "texture": "#0"},
				"up": {"uv": [13, 6, 14, 7], "texture": "#0"},
				"down": {"uv": [13, 11, 14, 12], "texture": "#0"}
			}
		},
		{
			"name": "axolotl_spawn_egg_17",
			"from": [14, 8, 7.5],
			"to": [15, 11, 8.5],
			"rotation": {"angle": 0, "axis": "y", "origin": [4, 1, 0]},
			"faces": {
				"north": {"uv": [15, 5, 14, 8], "texture": "#0"},
				"east": {"uv": [14, 5, 15, 8], "texture": "#0"},
				"south": {"uv": [14, 5, 15, 8], "texture": "#0"},
				"west": {"uv": [14, 5, 15, 8], "texture": "#0"},
				"up": {"uv": [14, 5, 15, 6], "texture": "#0"},
				"down": {"uv": [14, 7, 15, 8], "texture": "#0"}
			}
		},
		{
			"name": "axolotl_spawn_egg_18",
			"from": [14, 4, 7.5],
			"to": [15, 7, 8.5],
			"rotation": {"angle": 0, "axis": "y", "origin": [4, -3, 0]},
			"faces": {
				"north": {"uv": [15, 9, 14, 12], "texture": "#0"},
				"east": {"uv": [14, 9, 15, 12], "texture": "#0"},
				"south": {"uv": [14, 9, 15, 12], "texture": "#0"},
				"west": {"uv": [14, 9, 15, 12], "texture": "#0"},
				"up": {"uv": [14, 9, 15, 10], "texture": "#0"},
				"down": {"uv": [14, 11, 15, 12], "texture": "#0"}
			}
		},
		{
			"name": "axolotl_spawn_egg_19",
			"from": [15, 9, 7.5],
			"to": [16, 11, 8.5],
			"rotation": {"angle": 0, "axis": "y", "origin": [5, 1, 0]},
			"faces": {
				"north": {"uv": [16, 5, 15, 7], "texture": "#0"},
				"east": {"uv": [15, 5, 16, 7], "texture": "#0"},
				"south": {"uv": [15, 5, 16, 7], "texture": "#0"},
				"west": {"uv": [15, 5, 16, 7], "texture": "#0"},
				"up": {"uv": [15, 5, 16, 6], "texture": "#0"},
				"down": {"uv": [15, 6, 16, 7], "texture": "#0"}
			}
		},
		{
			"name": "axolotl_spawn_egg_20",
			"from": [15, 4, 7.5],
			"to": [16, 6, 8.5],
			"rotation": {"angle": 0, "axis": "y", "origin": [5, -4, 0]},
			"faces": {
				"north": {"uv": [16, 10, 15, 12], "texture": "#0"},
				"east": {"uv": [15, 10, 16, 12], "texture": "#0"},
				"south": {"uv": [15, 10, 16, 12], "texture": "#0"},
				"west": {"uv": [15, 10, 16, 12], "texture": "#0"},
				"up": {"uv": [15, 10, 16, 11], "texture": "#0"},
				"down": {"uv": [15, 11, 16, 12], "texture": "#0"}
			}
		}
	],
	"gui_light": "front",
	"display": {
		"thirdperson_righthand": {
			"translation": [0, 3, 1],
			"scale": [0.55, 0.55, 0.55]
		},
		"thirdperson_lefthand": {
			"translation": [0, 3, 1],
			"scale": [0.55, 0.55, 0.55]
		},
		"firstperson_righthand": {
			"rotation": [0, -90, 25],
			"translation": [1.13, 3.2, 1.13],
			"scale": [0.68, 0.68, 0.68]
		},
		"firstperson_lefthand": {
			"rotation": [0, -90, 25],
			"translation": [1.13, 3.2, 1.13],
			"scale": [0.68, 0.68, 0.68]
		},
		"ground": {
			"translation": [0, 2, 0],
			"scale": [0.5, 0.5, 0.5]
		},
		"head": {
			"rotation": [0, -180, 0],
			"translation": [0, 13, 7]
		},
		"fixed": {
			"rotation": [0, -180, 0]
		},
		"on_shelf": {
			"rotation": [0, -180, 0]
		}
	},
	"groups": [
		{
			"name": "axolotl_spawn_egg",
			"origin": [8, 8, 8],
			"color": 0,
			"children": [0, 1, 2, 3, 4, 5, 6, 7, 8, 9, 10, 11, 12, 13, 14, 15, 16, 17, 18, 19, 20, 21]
		}
	]
}