{
	"format_version": "1.9.0",
	"credit": "Made with Blockbench",
	"textures": {
		"0": "block/bedrock",
		"1": "block/redstone_torch_off",
		"2": "block/repeater",
		"3": "block/stone_slab_top",
		"particle": "block/bedrock"
	},
	"elements": [
		{
			"name": "bedrock_lock",
			"from": [2, 2, 10],
			"to": [14, 4, 12],
			"faces": {
				"north": {"uv": [2, 7, 14, 9], "texture": "#0"},
				"east": {"uv": [6, 7, 8, 9], "texture": "#0"},
				"south": {"uv": [2, 7, 14, 9], "texture": "#0"},
				"west": {"uv": [6, 7, 8, 9], "texture": "#0"},
				"up": {"uv": [7, 2, 9, 14], "rotation": 90, "texture": "#0"}
			}
		},
		{
			"name": "redstone_torch_off",
			"from": [7, 2, 2],
			"to": [9, 7, 4],
			"faces": {
				"north": {"uv": [7, 6, 9, 11], "texture": "#1"},
				"east": {"uv": [7, 6, 9, 11], "texture": "#1"},
				"south": {"uv": [7, 6, 9, 11], "texture": "#1"},
				"west": {"uv": [7, 6, 9, 11], "texture": "#1"},
				"up": {"uv": [7, 6, 9, 8], "texture": "#1"}
			}
		},
		{
			"name": "repeater_base",
			"from": [0, 0, 0],
			"to": [16, 2, 16],
			"faces": {
				"north": {"uv": [0, 14, 16, 16], "texture": "#3", "cullface": "north"},
				"east": {"uv": [0, 14, 16, 16], "texture": "#3", "cullface": "east"},
				"south": {"uv": [0, 14, 16, 16], "texture": "#3", "cullface": "south"},
				"west": {"uv": [0, 14, 16, 16], "texture": "#3", "cullface": "west"},
				"up": {"uv": [0, 0, 16, 16], "texture": "#2"},
				"down": {"uv": [0, 0, 16, 16], "texture": "#3", "cullface": "down"}
			}
		}
	],
	"groups": [
		{
			"name": "repeater_3tick_locked",
			"origin": [0, 0, 0],
			"color": 0,
			"children": [0, 1, 2]
		}
	]
}