{
	"format_version": "1.9.0",
	"credit": "Made with Blockbench",
	"textures": {
		"0": "item/cat_spawn_egg",
		"particle": "item/cat_spawn_egg"
	},
	"elements": [
		{
			"name": "cat_spawn_egg_0",
			"from": [13, 7, 7.5],
			"to": [14, 14, 8.5],
			"rotation": {"angle": 0, "axis": "y", "origin": [3, 0, 0]},
			"faces": {
				"north": {"uv": [14, 2, 13, 9], "texture": "#0"},
				"east": {"uv": [13, 2, 14, 9], "texture": "#0"},
				"south": {"uv": [13, 2, 14, 9], "texture": "#0"},
				"west": {"uv": [13, 2, 14, 9], "texture": "#0"},
				"up": {"uv": [13, 2, 14, 3], "texture": "#0"},
				"down": {"uv": [13, 8, 14, 9], "texture": "#0"}
			}
		},
		{
			"name": "cat_spawn_egg_1",
			"from": [12, 4, 7.5],
			"to": [13, 13, 8.5],
			"rotation": {"angle": 0, "axis": "y", "origin": [2, 0, 0]},
			"faces": {
				"north": {"uv": [13, 3, 12, 12], "texture": "#0"},
				"east": {"uv": [12, 3, 13, 12], "texture": "#0"},
				"south": {"uv": [12, 3, 13, 12], "texture": "#0"},
				"west": {"uv": [12, 3, 13, 12], "texture": "#0"},
				"up": {"uv": [12, 3, 13, 4], "texture": "#0"},
				"down": {"uv": [12, 11, 13, 12], "texture": "#0"}
			}
		},
		{
			"name": "cat_spawn_egg_2",
			"from": [11, 3, 7.5],
			"to": [12, 13, 8.5],
			"rotation": {"angle": 0, "axis": "y", "origin": [1, 0, 0]},
			"faces": {
				"north": {"uv": [12, 3, 11, 13], "texture": "#0"},
				"east": {"uv": [11, 3, 12, 13], "texture": "#0"},
				"south": {"uv": [11, 3, 12, 13], "texture": "#0"},
				"west": {"uv": [11, 3, 12, 13], "texture": "#0"},
				"up": {"uv": [11, 3, 12, 4], "texture": "#0"},
				"down": {"uv": [11, 12, 12, 13], "texture": "#0"}
			}
		},
		{
			"name": "cat_spawn_egg_3",
			"from": [10, 2, 7.5],
			"to": [11, 12, 8.5],
			"faces": {
				"north": {"uv": [11, 4, 10, 14], "texture": "#0"},
				"east": {"uv": [10, 4, 11, 14], "texture": "#0"},
				"south": {"uv": [10, 4, 11, 14], "texture": "#0"},
				"west": {"uv": [10, 4, 11, 14], "texture": "#0"},
				"up": {"uv": [10, 4, 11, 5], "texture": "#0"},
				"down": {"uv": [10, 13, 11, 14], "texture": "#0"}
			}
		},
		{
			"name": "cat_spawn_egg_4",
			"from": [6, 2, 7.5],
			"to": [10, 13, 8.5],
			"faces": {
				"north": {"uv": [10, 3, 6, 14], "texture": "#0"},
				"east": {"uv": [9, 3, 10, 14], "texture": "#0"},
				"south": {"uv": [6, 3, 10, 14], "texture": "#0"},
				"west": {"uv": [6, 3, 7, 14], "texture": "#0"},
				"up": {"uv": [6, 3, 10, 4], "texture": "#0"},
				"down": {"uv": [6, 13, 10, 14], "texture": "#0"}
			}
		},
		{
			"name": "cat_spawn_egg_5",
			"from": [5, 2, 7.5],
			"to": [6, 12, 8.5],
			"rotation": {"angle": 0, "axis": "y", "origin": [-5, 0, 0]},
			"faces": {
				"north": {"uv": [6, 4, 5, 14], "texture": "#0"},
				"east": {"uv": [5, 4, 6, 14], "texture": "#0"},
				"south": {"uv": [5, 4, 6, 14], "texture": "#0"},
				"west": {"uv": [5, 4, 6, 14], "texture": "#0"},
				"up": {"uv": [5, 4, 6, 5], "texture": "#0"},
				"down": {"uv": [5, 13, 6, 14], "texture": "#0"}
			}
		},
		{
			"name": "cat_spawn_egg_6",
			"from": [4, 3, 7.5],
			"to": [5, 13, 8.5],
			"rotation": {"angle": 0, "axis": "y", "origin": [-6, 0, 0]},
			"faces": {
				"north": {"uv": [5, 3, 4, 13], "texture": "#0"},
				"east": {"uv": [4, 3, 5, 13], "texture": "#0"},
				"south": {"uv": [4, 3, 5, 13], "texture": "#0"},
				"west": {"uv": [4, 3, 5, 13], "texture": "#0"},
				"up": {"uv": [4, 3, 5, 4], "texture": "#0"},
				"down": {"uv": [4, 12, 5, 13], "texture": "#0"}
			}
		},
		{
			"name": "cat_spawn_egg_7",
			"from": [3, 4, 7.5],
			"to": [4, 13, 8.5],
			"rotation": {"angle": 0, "axis": "y", "origin": [-7, 0, 0]},
			"faces": {
				"north": {"uv": [4, 3, 3, 12], "texture": "#0"},
				"east": {"uv": [3, 3, 4, 12], "texture": "#0"},
				"south": {"uv": [3, 3, 4, 12], "texture": "#0"},
				"west": {"uv": [3, 3, 4, 12], "texture": "#0"},
				"up": {"uv": [3, 3, 4, 4], "texture": "#0"},
				"down": {"uv": [3, 11, 4, 12], "texture": "#0"}
			}
		},
		{
			"name": "cat_spawn_egg_8",
			"from": [2, 7, 7.5],
			"to": [3, 14, 8.5],
			"rotation": {"angle": 0, "axis": "y", "origin": [-8, 0, 0]},
			"faces": {
				"north": {"uv": [3, 2, 2, 9], "texture": "#0"},
				"east": {"uv": [2, 2, 3, 9], "texture": "#0"},
				"south": {"uv": [2, 2, 3, 9], "texture": "#0"},
				"west": {"uv": [2, 2, 3, 9], "texture": "#0"},
				"up": {"uv": [2, 2, 3, 3], "texture": "#0"},
				"down": {"uv": [2, 8, 3, 9], "texture": "#0"}
			}
		}
	],
	"gui_light": "front",
	"display": {
		"thirdperson_righthand": {
			"translation": [0, 3, 1],
			"scale": [0.55, 0.55, 0.55]
		},
		"thirdperson_lefthand": {
			"translation": [0, 3, 1],
			"scale": [0.55, 0.55, 0.55]
		},
		"firstperson_righthand": {
			"rotation": [0, -90, 25],
			"translation": [1.13, 3.2, 1.13],
			"scale": [0.68, 0.68, 0.68]
		},
		"firstperson_lefthand": {
			"rotation": [0, -90, 25],
			"translation": [1.13, 3.2, 1.13],
			"scale": [0.68, 0.68, 0.68]
		},
		"ground": {
			"translation": [0, 2, 0],
			"scale": [0.5, 0.5, 0.5]
		},
		"head": {
			"rotation": [0, -180, 0],
			"translation": [0, 13, 7]
		},
		"fixed": {
			"rotation": [0, -180, 0]
		},
		"on_shelf": {
			"rotation": [0, -180, 0]
		}
	},
	"groups": [
		{
			"name": "cat_spawn_egg",
			"origin": [8, 8, 8],
			"color": 0,
			"children": [0, 1, 2, 3, 4, 5, 6, 7, 8]
		}
	]
}