{
	"format_version": "1.9.0",
	"credit": "Made with Blockbench",
	"textures": {
		"0": "item/rabbit_spawn_egg",
		"particle": "item/rabbit_spawn_egg"
	},
	"elements": [
		{
			"name": "rabbit_spawn_egg_0",
			"from": [12, 3, 7.5],
			"to": [13, 15, 8.5],
			"rotation": {"angle": 0, "axis": "y", "origin": [2, -1, 0]},
			"faces": {
				"north": {"uv": [13, 1, 12, 13], "texture": "#0"},
				"east": {"uv": [12, 1, 13, 13], "texture": "#0"},
				"south": {"uv": [12, 1, 13, 13], "texture": "#0"},
				"west": {"uv": [12, 1, 13, 13], "texture": "#0"},
				"up": {"uv": [12, 1, 13, 2], "texture": "#0"},
				"down": {"uv": [12, 12, 13, 13], "texture": "#0"}
			}
		},
		{
			"name": "rabbit_spawn_egg_1",
			"from": [11, 3, 7.5],
			"to": [12, 16, 8.5],
			"rotation": {"angle": 0, "axis": "y", "origin": [1, 0, 0]},
			"faces": {
				"north": {"uv": [12, 0, 11, 13], "texture": "#0"},
				"east": {"uv": [11, 0, 12, 13], "texture": "#0"},
				"south": {"uv": [11, 0, 12, 13], "texture": "#0"},
				"west": {"uv": [11, 0, 12, 13], "texture": "#0"},
				"up": {"uv": [11, 0, 12, 1], "texture": "#0"},
				"down": {"uv": [11, 12, 12, 13], "texture": "#0"}
			}
		},
		{
			"name": "rabbit_spawn_egg_2",
			"from": [10, 2, 7.5],
			"to": [11, 16, 8.5],
			"faces": {
				"north": {"uv": [11, 0, 10, 14], "texture": "#0"},
				"east": {"uv": [10, 0, 11, 14], "texture": "#0"},
				"south": {"uv": [10, 0, 11, 14], "texture": "#0"},
				"west": {"uv": [10, 0, 11, 14], "texture": "#0"},
				"up": {"uv": [10, 0, 11, 1], "texture": "#0"},
				"down": {"uv": [10, 13, 11, 14], "texture": "#0"}
			}
		},
		{
			"name": "rabbit_spawn_egg_3",
			"from": [9, 2, 7.5],
			"to": [10, 15, 8.5],
			"rotation": {"angle": 0, "axis": "y", "origin": [2, 0, 0]},
			"faces": {
				"north": {"uv": [10, 1, 9, 14], "texture": "#0"},
				"east": {"uv": [9, 1, 10, 14], "texture": "#0"},
				"south": {"uv": [9, 1, 10, 14], "texture": "#0"},
				"west": {"uv": [9, 1, 10, 14], "texture": "#0"},
				"up": {"uv": [9, 1, 10, 2], "texture": "#0"},
				"down": {"uv": [9, 13, 10, 14], "texture": "#0"}
			}
		},
		{
			"name": "rabbit_spawn_egg_4",
			"from": [7, 2, 7.5],
			"to": [9, 13, 8.5],
			"faces": {
				"north": {"uv": [9, 3, 7, 14], "texture": "#0"},
				"east": {"uv": [8, 3, 9, 14], "texture": "#0"},
				"south": {"uv": [7, 3, 9, 14], "texture": "#0"},
				"west": {"uv": [7, 3, 8, 14], "texture": "#0"},
				"up": {"uv": [7, 3, 9, 4], "texture": "#0"},
				"down": {"uv": [7, 13, 9, 14], "texture": "#0"}
			}
		},
		{
			"name": "rabbit_spawn_egg_5",
			"from": [6, 2, 7.5],
			"to": [7, 15, 8.5],
			"rotation": {"angle": 0, "axis": "y", "origin": [-1, 0, 0]},
			"faces": {
				"north": {"uv": [7, 1, 6, 14], "texture": "#0"},
				"east": {"uv": [6, 1, 7, 14], "texture": "#0"},
				"south": {"uv": [6, 1, 7, 14], "texture": "#0"},
				"west": {"uv": [6, 1, 7, 14], "texture": "#0"},
				"up": {"uv": [6, 1, 7, 2], "texture": "#0"},
				"down": {"uv": [6, 13, 7, 14], "texture": "#0"}
			}
		},
		{
			"name": "rabbit_spawn_egg_6",
			"from": [5, 2, 7.5],
			"to": [6, 16, 8.5],
			"rotation": {"angle": 0, "axis": "y", "origin": [-5, 0, 0]},
			"faces": {
				"north": {"uv": [6, 0, 5, 14], "texture": "#0"},
				"east": {"uv": [5, 0, 6, 14], "texture": "#0"},
				"south": {"uv": [5, 0, 6, 14], "texture": "#0"},
				"west": {"uv": [5, 0, 6, 14], "texture": "#0"},
				"up": {"uv": [5, 0, 6, 1], "texture": "#0"},
				"down": {"uv": [5, 13, 6, 14], "texture": "#0"}
			}
		},
		{
			"name": "rabbit_spawn_egg_7",
			"from": [4, 3, 7.5],
			"to": [5, 16, 8.5],
			"rotation": {"angle": 0, "axis": "y", "origin": [-6, 0, 0]},
			"faces": {
				"north": {"uv": [5, 0, 4, 13], "texture": "#0"},
				"east": {"uv": [4, 0, 5, 13], "texture": "#0"},
				"south": {"uv": [4, 0, 5, 13], "texture": "#0"},
				"west": {"uv": [4, 0, 5, 13], "texture": "#0"},
				"up": {"uv": [4, 0, 5, 1], "texture": "#0"},
				"down": {"uv": [4, 12, 5, 13], "texture": "#0"}
			}
		},
		{
			"name": "rabbit_spawn_egg_8",
			"from": [3, 3, 7.5],
			"to": [4, 15, 8.5],
			"rotation": {"angle": 0, "axis": "y", "origin": [-7, -1, 0]},
			"faces": {
				"north": {"uv": [4, 1, 3, 13], "texture": "#0"},
				"east": {"uv": [3, 1, 4, 13], "texture": "#0"},
				"south": {"uv": [3, 1, 4, 13], "texture": "#0"},
				"west": {"uv": [3, 1, 4, 13], "texture": "#0"},
				"up": {"uv": [3, 1, 4, 2], "texture": "#0"},
				"down": {"uv": [3, 12, 4, 13], "texture": "#0"}
			}
		},
		{
			"name": "rabbit_spawn_egg_9",
			"from": [2, 3, 7.5],
			"to": [3, 7, 8.5],
			"rotation": {"angle": 0, "axis": "y", "origin": [-8, -1, 0]},
			"faces": {
				"north": {"uv": [3, 9, 2, 13], "texture": "#0"},
				"east": {"uv": [2, 9, 3, 13], "texture": "#0"},
				"south": {"uv": [2, 9, 3, 13], "texture": "#0"},
				"west": {"uv": [2, 9, 3, 13], "texture": "#0"},
				"up": {"uv": [2, 9, 3, 10], "texture": "#0"},
				"down": {"uv": [2, 12, 3, 13], "texture": "#0"}
			}
		},
		{
			"name": "rabbit_spawn_egg_10",
			"from": [1, 4, 7.5],
			"to": [2, 6, 8.5],
			"rotation": {"angle": 0, "axis": "y", "origin": [-9, -1, 0]},
			"faces": {
				"north": {"uv": [2, 10, 1, 12], "texture": "#0"},
				"east": {"uv": [1, 10, 2, 12], "texture": "#0"},
				"south": {"uv": [1, 10, 2, 12], "texture": "#0"},
				"west": {"uv": [1, 10, 2, 12], "texture": "#0"},
				"up": {"uv": [1, 10, 2, 11], "texture": "#0"},
				"down": {"uv": [1, 11, 2, 12], "texture": "#0"}
			}
		}
	],
	"gui_light": "front",
	"display": {
		"thirdperson_righthand": {
			"translation": [0, 3, 1],
			"scale": [0.55, 0.55, 0.55]
		},
		"thirdperson_lefthand": {
			"translation": [0, 3, 1],
			"scale": [0.55, 0.55, 0.55]
		},
		"firstperson_righthand": {
			"rotation": [0, -90, 25],
			"translation": [1.13, 3.2, 1.13],
			"scale": [0.68, 0.68, 0.68]
		},
		"firstperson_lefthand": {
			"rotation": [0, -90, 25],
			"translation": [1.13, 3.2, 1.13],
			"scale": [0.68, 0.68, 0.68]
		},
		"ground": {
			"translation": [0, 2, 0],
			"scale": [0.5, 0.5, 0.5]
		},
		"head": {
			"rotation": [0, -180, 0],
			"translation": [0, 13, 7]
		},
		"fixed": {
			"rotation": [0, -180, 0]
		},
		"on_shelf": {
			"rotation": [0, -180, 0]
		}
	},
	"groups": [
		{
			"name": "rabbit_spawn_egg",
			"origin": [8, 8, 8],
			"color": 0,
			"children": [0, 1, 2, 3, 4, 5, 6, 7, 8, 9, 10]
		}
	]
}