{
	"format_version": "1.9.0",
	"credit": "Made with Blockbench",
	"textures": {
		"0": "item/shulker_spawn_egg",
		"particle": "item/shulker_spawn_egg"
	},
	"elements": [
		{
			"name": "shulker_spawn_egg_0",
			"from": [13, 7, 7.5],
			"to": [14, 10, 8.5],
			"rotation": {"angle": 0, "axis": "y", "origin": [3, -1, 0]},
			"faces": {
				"north": {"uv": [14, 6, 13, 9], "texture": "#0"},
				"east": {"uv": [13, 6, 14, 9], "texture": "#0"},
				"south": {"uv": [13, 6, 14, 9], "texture": "#0"},
				"west": {"uv": [13, 6, 14, 9], "texture": "#0"},
				"up": {"uv": [13, 6, 14, 7], "texture": "#0"},
				"down": {"uv": [13, 8, 14, 9], "texture": "#0"}
			}
		},
		{
			"name": "shulker_spawn_egg_1",
			"from": [13, 4, 7.5],
			"to": [14, 6, 8.5],
			"rotation": {"angle": 0, "axis": "y", "origin": [3, -4, 0]},
			"faces": {
				"north": {"uv": [14, 10, 13, 12], "texture": "#0"},
				"east": {"uv": [13, 10, 14, 12], "texture": "#0"},
				"south": {"uv": [13, 10, 14, 12], "texture": "#0"},
				"west": {"uv": [13, 10, 14, 12], "texture": "#0"},
				"up": {"uv": [13, 10, 14, 11], "texture": "#0"},
				"down": {"uv": [13, 11, 14, 12], "texture": "#0"}
			}
		},
		{
			"name": "shulker_spawn_egg_2",
			"from": [12, 7, 7.5],
			"to": [13, 12, 8.5],
			"rotation": {"angle": 0, "axis": "y", "origin": [2, -1, 0]},
			"faces": {
				"north": {"uv": [13, 4, 12, 9], "texture": "#0"},
				"east": {"uv": [12, 4, 13, 9], "texture": "#0"},
				"south": {"uv": [12, 4, 13, 9], "texture": "#0"},
				"west": {"uv": [12, 4, 13, 9], "texture": "#0"},
				"up": {"uv": [12, 4, 13, 5], "texture": "#0"},
				"down": {"uv": [12, 8, 13, 9], "texture": "#0"}
			}
		},
		{
			"name": "shulker_spawn_egg_3",
			"from": [12, 3, 7.5],
			"to": [13, 5, 8.5],
			"rotation": {"angle": 0, "axis": "y", "origin": [2, -5, 0]},
			"faces": {
				"north": {"uv": [13, 11, 12, 13], "texture": "#0"},
				"east": {"uv": [12, 11, 13, 13], "texture": "#0"},
				"south": {"uv": [12, 11, 13, 13], "texture": "#0"},
				"west": {"uv": [12, 11, 13, 13], "texture": "#0"},
				"up": {"uv": [12, 11, 13, 12], "texture": "#0"},
				"down": {"uv": [12, 12, 13, 13], "texture": "#0"}
			}
		},
		{
			"name": "shulker_spawn_egg_4",
			"from": [11, 2, 7.5],
			"to": [12, 13, 8.5],
			"rotation": {"angle": 0, "axis": "y", "origin": [1, -1, 0]},
			"faces": {
				"north": {"uv": [12, 3, 11, 14], "texture": "#0"},
				"east": {"uv": [11, 3, 12, 14], "texture": "#0"},
				"south": {"uv": [11, 3, 12, 14], "texture": "#0"},
				"west": {"uv": [11, 3, 12, 14], "texture": "#0"},
				"up": {"uv": [11, 3, 12, 4], "texture": "#0"},
				"down": {"uv": [11, 13, 12, 14], "texture": "#0"}
			}
		},
		{
			"name": "shulker_spawn_egg_5",
			"from": [10, 1, 7.5],
			"to": [11, 14, 8.5],
			"rotation": {"angle": 0, "axis": "y", "origin": [0, -1, 0]},
			"faces": {
				"north": {"uv": [11, 2, 10, 15], "texture": "#0"},
				"east": {"uv": [10, 2, 11, 15], "texture": "#0"},
				"south": {"uv": [10, 2, 11, 15], "texture": "#0"},
				"west": {"uv": [10, 2, 11, 15], "texture": "#0"},
				"up": {"uv": [10, 2, 11, 3], "texture": "#0"},
				"down": {"uv": [10, 14, 11, 15], "texture": "#0"}
			}
		},
		{
			"name": "shulker_spawn_egg_6",
			"from": [6, 1, 7.5],
			"to": [10, 15, 8.5],
			"faces": {
				"north": {"uv": [10, 1, 6, 15], "texture": "#0"},
				"east": {"uv": [9, 1, 10, 15], "texture": "#0"},
				"south": {"uv": [6, 1, 10, 15], "texture": "#0"},
				"west": {"uv": [6, 1, 7, 15], "texture": "#0"},
				"up": {"uv": [6, 1, 10, 2], "texture": "#0"},
				"down": {"uv": [6, 14, 10, 15], "texture": "#0"}
			}
		},
		{
			"name": "shulker_spawn_egg_7",
			"from": [5, 1, 7.5],
			"to": [6, 14, 8.5],
			"rotation": {"angle": 0, "axis": "y", "origin": [-5, -1, 0]},
			"faces": {
				"north": {"uv": [6, 2, 5, 15], "texture": "#0"},
				"east": {"uv": [5, 2, 6, 15], "texture": "#0"},
				"south": {"uv": [5, 2, 6, 15], "texture": "#0"},
				"west": {"uv": [5, 2, 6, 15], "texture": "#0"},
				"up": {"uv": [5, 2, 6, 3], "texture": "#0"},
				"down": {"uv": [5, 14, 6, 15], "texture": "#0"}
			}
		},
		{
			"name": "shulker_spawn_egg_8",
			"from": [4, 2, 7.5],
			"to": [5, 13, 8.5],
			"rotation": {"angle": 0, "axis": "y", "origin": [-6, -1, 0]},
			"faces": {
				"north": {"uv": [5, 3, 4, 14], "texture": "#0"},
				"east": {"uv": [4, 3, 5, 14], "texture": "#0"},
				"south": {"uv": [4, 3, 5, 14], "texture": "#0"},
				"west": {"uv": [4, 3, 5, 14], "texture": "#0"},
				"up": {"uv": [4, 3, 5, 4], "texture": "#0"},
				"down": {"uv": [4, 13, 5, 14], "texture": "#0"}
			}
		},
		{
			"name": "shulker_spawn_egg_9",
			"from": [3, 7, 7.5],
			"to": [4, 12, 8.5],
			"rotation": {"angle": 0, "axis": "y", "origin": [-7, -1, 0]},
			"faces": {
				"north": {"uv": [4, 4, 3, 9], "texture": "#0"},
				"east": {"uv": [3, 4, 4, 9], "texture": "#0"},
				"south": {"uv": [3, 4, 4, 9], "texture": "#0"},
				"west": {"uv": [3, 4, 4, 9], "texture": "#0"},
				"up": {"uv": [3, 4, 4, 5], "texture": "#0"},
				"down": {"uv": [3, 8, 4, 9], "texture": "#0"}
			}
		},
		{
			"name": "shulker_spawn_egg_10",
			"from": [3, 3, 7.5],
			"to": [4, 5, 8.5],
			"rotation": {"angle": 0, "axis": "y", "origin": [-7, -5, 0]},
			"faces": {
				"north": {"uv": [4, 11, 3, 13], "texture": "#0"},
				"east": {"uv": [3, 11, 4, 13], "texture": "#0"},
				"south": {"uv": [3, 11, 4, 13], "texture": "#0"},
				"west": {"uv": [3, 11, 4, 13], "texture": "#0"},
				"up": {"uv": [3, 11, 4, 12], "texture": "#0"},
				"down": {"uv": [3, 12, 4, 13], "texture": "#0"}
			}
		},
		{
			"name": "shulker_spawn_egg_11",
			"from": [2, 7, 7.5],
			"to": [3, 10, 8.5],
			"rotation": {"angle": 0, "axis": "y", "origin": [-8, -1, 0]},
			"faces": {
				"north": {"uv": [3, 6, 2, 9], "texture": "#0"},
				"east": {"uv": [2, 6, 3, 9], "texture": "#0"},
				"south": {"uv": [2, 6, 3, 9], "texture": "#0"},
				"west": {"uv": [2, 6, 3, 9], "texture": "#0"},
				"up": {"uv": [2, 6, 3, 7], "texture": "#0"},
				"down": {"uv": [2, 8, 3, 9], "texture": "#0"}
			}
		},
		{
			"name": "shulker_spawn_egg_12",
			"from": [2, 4, 7.5],
			"to": [3, 6, 8.5],
			"rotation": {"angle": 0, "axis": "y", "origin": [-8, -4, 0]},
			"faces": {
				"north": {"uv": [3, 10, 2, 12], "texture": "#0"},
				"east": {"uv": [2, 10, 3, 12], "texture": "#0"},
				"south": {"uv": [2, 10, 3, 12], "texture": "#0"},
				"west": {"uv": [2, 10, 3, 12], "texture": "#0"},
				"up": {"uv": [2, 10, 3, 11], "texture": "#0"},
				"down": {"uv": [2, 11, 3, 12], "texture": "#0"}
			}
		}
	],
	"gui_light": "front",
	"display": {
		"thirdperson_righthand": {
			"translation": [0, 3, 1],
			"scale": [0.55, 0.55, 0.55]
		},
		"thirdperson_lefthand": {
			"translation": [0, 3, 1],
			"scale": [0.55, 0.55, 0.55]
		},
		"firstperson_righthand": {
			"rotation": [0, -90, 25],
			"translation": [1.13, 3.2, 1.13],
			"scale": [0.68, 0.68, 0.68]
		},
		"firstperson_lefthand": {
			"rotation": [0, -90, 25],
			"translation": [1.13, 3.2, 1.13],
			"scale": [0.68, 0.68, 0.68]
		},
		"ground": {
			"translation": [0, 2, 0],
			"scale": [0.5, 0.5, 0.5]
		},
		"head": {
			"rotation": [0, -180, 0],
			"translation": [0, 13, 7]
		},
		"fixed": {
			"rotation": [0, -180, 0]
		},
		"on_shelf": {
			"rotation": [0, -180, 0]
		}
	},
	"groups": [
		{
			"name": "shulker_spawn_egg",
			"origin": [8, 8, 8],
			"color": 0,
			"children": [0, 1, 2, 3, 4, 5, 6, 7, 8, 9, 10, 11, 12]
		}
	]
}