{
	"format_version": "1.9.0",
	"credit": "Made with Blockbench",
	"textures": {
		"0": "item/goat_spawn_egg",
		"particle": "item/goat_spawn_egg"
	},
	"elements": [
		{
			"name": "goat_spawn_egg_0",
			"from": [15, 9, 7.5],
			"to": [16, 11, 8.5],
			"rotation": {"angle": 0, "axis": "y", "origin": [5, 6, 0]},
			"faces": {
				"north": {"uv": [16, 5, 15, 7], "texture": "#0"},
				"east": {"uv": [15, 5, 16, 7], "texture": "#0"},
				"south": {"uv": [15, 5, 16, 7], "texture": "#0"},
				"west": {"uv": [15, 5, 16, 7], "texture": "#0"},
				"up": {"uv": [15, 5, 16, 6], "texture": "#0"},
				"down": {"uv": [15, 6, 16, 7], "texture": "#0"}
			}
		},
		{
			"name": "goat_spawn_egg_1",
			"from": [14, 9, 7.5],
			"to": [15, 12, 8.5],
			"rotation": {"angle": 0, "axis": "y", "origin": [4, 6, 0]},
			"faces": {
				"north": {"uv": [15, 4, 14, 7], "texture": "#0"},
				"east": {"uv": [14, 4, 15, 7], "texture": "#0"},
				"south": {"uv": [14, 4, 15, 7], "texture": "#0"},
				"west": {"uv": [14, 4, 15, 7], "texture": "#0"},
				"up": {"uv": [14, 4, 15, 5], "texture": "#0"},
				"down": {"uv": [14, 6, 15, 7], "texture": "#0"}
			}
		},
		{
			"name": "goat_spawn_egg_2",
			"from": [13, 4, 7.5],
			"to": [14, 12, 8.5],
			"rotation": {"angle": 0, "axis": "y", "origin": [3, -3, 0]},
			"faces": {
				"north": {"uv": [14, 4, 13, 12], "texture": "#0"},
				"east": {"uv": [13, 4, 14, 12], "texture": "#0"},
				"south": {"uv": [13, 4, 14, 12], "texture": "#0"},
				"west": {"uv": [13, 4, 14, 12], "texture": "#0"},
				"up": {"uv": [13, 4, 14, 5], "texture": "#0"},
				"down": {"uv": [13, 11, 14, 12], "texture": "#0"}
			}
		},
		{
			"name": "goat_spawn_egg_3",
			"from": [12, 3, 7.5],
			"to": [13, 16, 8.5],
			"rotation": {"angle": 0, "axis": "y", "origin": [2, -2, 0]},
			"faces": {
				"north": {"uv": [13, 0, 12, 13], "texture": "#0"},
				"east": {"uv": [12, 0, 13, 13], "texture": "#0"},
				"south": {"uv": [12, 0, 13, 13], "texture": "#0"},
				"west": {"uv": [12, 0, 13, 13], "texture": "#0"},
				"up": {"uv": [12, 0, 13, 1], "texture": "#0"},
				"down": {"uv": [12, 12, 13, 13], "texture": "#0"}
			}
		},
		{
			"name": "goat_spawn_egg_4",
			"from": [11, 2, 7.5],
			"to": [12, 16, 8.5],
			"rotation": {"angle": 0, "axis": "y", "origin": [1, -2, 0]},
			"faces": {
				"north": {"uv": [12, 0, 11, 14], "texture": "#0"},
				"east": {"uv": [11, 0, 12, 14], "texture": "#0"},
				"south": {"uv": [11, 0, 12, 14], "texture": "#0"},
				"west": {"uv": [11, 0, 12, 14], "texture": "#0"},
				"up": {"uv": [11, 0, 12, 1], "texture": "#0"},
				"down": {"uv": [11, 13, 12, 14], "texture": "#0"}
			}
		},
		{
			"name": "goat_spawn_egg_5",
			"from": [5, 1, 7.5],
			"to": [11, 15, 8.5],
			"rotation": {"angle": 0, "axis": "y", "origin": [0, -2, 0]},
			"faces": {
				"north": {"uv": [11, 1, 5, 15], "texture": "#0"},
				"east": {"uv": [10, 1, 11, 15], "texture": "#0"},
				"south": {"uv": [5, 1, 11, 15], "texture": "#0"},
				"west": {"uv": [5, 1, 6, 15], "texture": "#0"},
				"up": {"uv": [5, 1, 11, 2], "texture": "#0"},
				"down": {"uv": [5, 14, 11, 15], "texture": "#0"}
			}
		},
		{
			"name": "goat_spawn_egg_6",
			"from": [4, 2, 7.5],
			"to": [5, 16, 8.5],
			"rotation": {"angle": 0, "axis": "y", "origin": [-6, -2, 0]},
			"faces": {
				"north": {"uv": [5, 0, 4, 14], "texture": "#0"},
				"east": {"uv": [4, 0, 5, 14], "texture": "#0"},
				"south": {"uv": [4, 0, 5, 14], "texture": "#0"},
				"west": {"uv": [4, 0, 5, 14], "texture": "#0"},
				"up": {"uv": [4, 0, 5, 1], "texture": "#0"},
				"down": {"uv": [4, 13, 5, 14], "texture": "#0"}
			}
		},
		{
			"name": "goat_spawn_egg_7",
			"from": [3, 3, 7.5],
			"to": [4, 16, 8.5],
			"rotation": {"angle": 0, "axis": "y", "origin": [-7, -2, 0]},
			"faces": {
				"north": {"uv": [4, 0, 3, 13], "texture": "#0"},
				"east": {"uv": [3, 0, 4, 13], "texture": "#0"},
				"south": {"uv": [3, 0, 4, 13], "texture": "#0"},
				"west": {"uv": [3, 0, 4, 13], "texture": "#0"},
				"up": {"uv": [3, 0, 4, 1], "texture": "#0"},
				"down": {"uv": [3, 12, 4, 13], "texture": "#0"}
			}
		},
		{
			"name": "goat_spawn_egg_8",
			"from": [2, 4, 7.5],
			"to": [3, 12, 8.5],
			"rotation": {"angle": 0, "axis": "y", "origin": [-8, -3, 0]},
			"faces": {
				"north": {"uv": [3, 4, 2, 12], "texture": "#0"},
				"east": {"uv": [2, 4, 3, 12], "texture": "#0"},
				"south": {"uv": [2, 4, 3, 12], "texture": "#0"},
				"west": {"uv": [2, 4, 3, 12], "texture": "#0"},
				"up": {"uv": [2, 4, 3, 5], "texture": "#0"},
				"down": {"uv": [2, 11, 3, 12], "texture": "#0"}
			}
		},
		{
			"name": "goat_spawn_egg_9",
			"from": [1, 9, 7.5],
			"to": [2, 12, 8.5],
			"rotation": {"angle": 0, "axis": "y", "origin": [-9, 6, 0]},
			"faces": {
				"north": {"uv": [2, 4, 1, 7], "texture": "#0"},
				"east": {"uv": [1, 4, 2, 7], "texture": "#0"},
				"south": {"uv": [1, 4, 2, 7], "texture": "#0"},
				"west": {"uv": [1, 4, 2, 7], "texture": "#0"},
				"up": {"uv": [1, 4, 2, 5], "texture": "#0"},
				"down": {"uv": [1, 6, 2, 7], "texture": "#0"}
			}
		},
		{
			"name": "goat_spawn_egg_10",
			"from": [0, 9, 7.5],
			"to": [1, 11, 8.5],
			"rotation": {"angle": 0, "axis": "y", "origin": [-10, 6, 0]},
			"faces": {
				"north": {"uv": [1, 5, 0, 7], "texture": "#0"},
				"east": {"uv": [0, 5, 1, 7], "texture": "#0"},
				"south": {"uv": [0, 5, 1, 7], "texture": "#0"},
				"west": {"uv": [0, 5, 1, 7], "texture": "#0"},
				"up": {"uv": [0, 5, 1, 6], "texture": "#0"},
				"down": {"uv": [0, 6, 1, 7], "texture": "#0"}
			}
		}
	],
	"gui_light": "front",
	"display": {
		"thirdperson_righthand": {
			"translation": [0, 3, 1],
			"scale": [0.55, 0.55, 0.55]
		},
		"thirdperson_lefthand": {
			"translation": [0, 3, 1],
			"scale": [0.55, 0.55, 0.55]
		},
		"firstperson_righthand": {
			"rotation": [0, -90, 25],
			"translation": [1.13, 3.2, 1.13],
			"scale": [0.68, 0.68, 0.68]
		},
		"firstperson_lefthand": {
			"rotation": [0, -90, 25],
			"translation": [1.13, 3.2, 1.13],
			"scale": [0.68, 0.68, 0.68]
		},
		"ground": {
			"translation": [0, 2, 0],
			"scale": [0.5, 0.5, 0.5]
		},
		"head": {
			"rotation": [0, -180, 0],
			"translation": [0, 13, 7]
		},
		"fixed": {
			"rotation": [0, -180, 0]
		},
		"on_shelf": {
			"rotation": [0, -180, 0]
		}
	},
	"groups": [
		{
			"name": "goat_spawn_egg",
			"origin": [8, 8, 8],
			"color": 0,
			"children": [0, 1, 2, 3, 4, 5, 6, 7, 8, 9, 10]
		}
	]
}