{
	"format_version": "1.9.0",
	"credit": "Made with Blockbench",
	"textures": {
		"0": "item/magma_cube_spawn_egg",
		"particle": "item/magma_cube_spawn_egg"
	},
	"elements": [
		{
			"name": "magma_cube_spawn_egg_0",
			"from": [14, 3, 7.5],
			"to": [15, 10, 8.5],
			"rotation": {"angle": 0, "axis": "y", "origin": [4, 0, 0]},
			"faces": {
				"north": {"uv": [15, 7, 14, 13], "texture": "#0"},
				"east": {"uv": [14, 7, 15, 13], "texture": "#0"},
				"south": {"uv": [14, 7, 15, 13], "texture": "#0"},
				"west": {"uv": [14, 7, 15, 13], "texture": "#0"},
				"up": {"uv": [14, 7, 15, 8], "texture": "#0"},
				"down": {"uv": [14, 12, 15, 13], "texture": "#0"}
			}
		},
		{
			"name": "magma_cube_spawn_egg_1",
			"from": [13, 2, 7.5],
			"to": [14, 11, 8.5],
			"rotation": {"angle": 0, "axis": "y", "origin": [3, -3, 0]},
			"faces": {
				"north": {"uv": [14, 5, 13, 14], "texture": "#0"},
				"east": {"uv": [13, 5, 14, 14], "texture": "#0"},
				"south": {"uv": [13, 5, 14, 14], "texture": "#0"},
				"west": {"uv": [13, 5, 14, 14], "texture": "#0"},
				"up": {"uv": [13, 5, 14, 6], "texture": "#0"},
				"down": {"uv": [13, 13, 14, 14], "texture": "#0"}
			}
		},
		{
			"name": "magma_cube_spawn_egg_2",
			"from": [12, 1, 7.5],
			"to": [13, 13, 8.5],
			"rotation": {"angle": 0, "axis": "y", "origin": [2, -2, 0]},
			"faces": {
				"north": {"uv": [13, 3, 12, 15], "texture": "#0"},
				"east": {"uv": [12, 3, 13, 15], "texture": "#0"},
				"south": {"uv": [12, 3, 13, 15], "texture": "#0"},
				"west": {"uv": [12, 3, 13, 15], "texture": "#0"},
				"up": {"uv": [12, 3, 13, 4], "texture": "#0"},
				"down": {"uv": [12, 14, 13, 15], "texture": "#0"}
			}
		},
		{
			"name": "magma_cube_spawn_egg_3",
			"from": [11, 1, 7.5],
			"to": [12, 14, 8.5],
			"rotation": {"angle": 0, "axis": "y", "origin": [1, -2, 0]},
			"faces": {
				"north": {"uv": [12, 2, 11, 15], "texture": "#0"},
				"east": {"uv": [11, 2, 12, 15], "texture": "#0"},
				"south": {"uv": [11, 2, 12, 15], "texture": "#0"},
				"west": {"uv": [11, 2, 12, 15], "texture": "#0"},
				"up": {"uv": [11, 2, 12, 3], "texture": "#0"},
				"down": {"uv": [11, 14, 12, 15], "texture": "#0"}
			}
		},
		{
			"name": "magma_cube_spawn_egg_4",
			"from": [10, 0, 7.5],
			"to": [11, 15, 8.5],
			"faces": {
				"north": {"uv": [11, 1, 10, 16], "texture": "#0"},
				"east": {"uv": [10, 1, 11, 16], "texture": "#0"},
				"south": {"uv": [10, 1, 11, 16], "texture": "#0"},
				"west": {"uv": [10, 1, 11, 16], "texture": "#0"},
				"up": {"uv": [10, 1, 11, 2], "texture": "#0"},
				"down": {"uv": [10, 15, 11, 16], "texture": "#0"}
			}
		},
		{
			"name": "magma_cube_spawn_egg_5",
			"from": [6, 0, 7.5],
			"to": [10, 16, 8.5],
			"rotation": {"angle": 0, "axis": "y", "origin": [0, -2, 0]},
			"faces": {
				"north": {"uv": [10, 0, 6, 16], "texture": "#0"},
				"east": {"uv": [9, 0, 10, 16], "texture": "#0"},
				"south": {"uv": [6, 0, 10, 16], "texture": "#0"},
				"west": {"uv": [6, 0, 7, 16], "texture": "#0"},
				"up": {"uv": [6, 0, 10, 1], "texture": "#0"},
				"down": {"uv": [6, 15, 10, 16], "texture": "#0"}
			}
		},
		{
			"name": "magma_cube_spawn_egg_6",
			"from": [5, 0, 7.5],
			"to": [6, 15, 8.5],
			"rotation": {"angle": 0, "axis": "y", "origin": [-5, 0, 0]},
			"faces": {
				"north": {"uv": [6, 1, 5, 16], "texture": "#0"},
				"east": {"uv": [5, 1, 6, 16], "texture": "#0"},
				"south": {"uv": [5, 1, 6, 16], "texture": "#0"},
				"west": {"uv": [5, 1, 6, 16], "texture": "#0"},
				"up": {"uv": [5, 1, 6, 2], "texture": "#0"},
				"down": {"uv": [5, 15, 6, 16], "texture": "#0"}
			}
		},
		{
			"name": "magma_cube_spawn_egg_7",
			"from": [4, 1, 7.5],
			"to": [5, 14, 8.5],
			"rotation": {"angle": 0, "axis": "y", "origin": [-6, -2, 0]},
			"faces": {
				"north": {"uv": [5, 2, 4, 15], "texture": "#0"},
				"east": {"uv": [4, 2, 5, 15], "texture": "#0"},
				"south": {"uv": [4, 2, 5, 15], "texture": "#0"},
				"west": {"uv": [4, 2, 5, 15], "texture": "#0"},
				"up": {"uv": [4, 2, 5, 3], "texture": "#0"},
				"down": {"uv": [4, 14, 5, 15], "texture": "#0"}
			}
		},
		{
			"name": "magma_cube_spawn_egg_8",
			"from": [3, 1, 7.5],
			"to": [4, 13, 8.5],
			"rotation": {"angle": 0, "axis": "y", "origin": [-7, -2, 0]},
			"faces": {
				"north": {"uv": [4, 3, 3, 15], "texture": "#0"},
				"east": {"uv": [3, 3, 4, 15], "texture": "#0"},
				"south": {"uv": [3, 3, 4, 15], "texture": "#0"},
				"west": {"uv": [3, 3, 4, 15], "texture": "#0"},
				"up": {"uv": [3, 3, 4, 4], "texture": "#0"},
				"down": {"uv": [3, 14, 4, 15], "texture": "#0"}
			}
		},
		{
			"name": "magma_cube_spawn_egg_9",
			"from": [2, 2, 7.5],
			"to": [3, 11, 8.5],
			"rotation": {"angle": 0, "axis": "y", "origin": [-8, -3, 0]},
			"faces": {
				"north": {"uv": [3, 5, 2, 14], "texture": "#0"},
				"east": {"uv": [2, 5, 3, 14], "texture": "#0"},
				"south": {"uv": [2, 5, 3, 14], "texture": "#0"},
				"west": {"uv": [2, 5, 3, 14], "texture": "#0"},
				"up": {"uv": [2, 5, 3, 6], "texture": "#0"},
				"down": {"uv": [2, 13, 3, 14], "texture": "#0"}
			}
		},
		{
			"name": "magma_cube_spawn_egg_10",
			"from": [1, 3, 7.5],
			"to": [2, 10, 8.5],
			"rotation": {"angle": 0, "axis": "y", "origin": [-9, 0, 0]},
			"faces": {
				"north": {"uv": [2, 7, 1, 13], "texture": "#0"},
				"east": {"uv": [1, 7, 2, 13], "texture": "#0"},
				"south": {"uv": [1, 7, 2, 13], "texture": "#0"},
				"west": {"uv": [1, 7, 2, 13], "texture": "#0"},
				"up": {"uv": [1, 7, 2, 8], "texture": "#0"},
				"down": {"uv": [1, 12, 2, 13], "texture": "#0"}
			}
		}
	],
	"gui_light": "front",
	"display": {
		"thirdperson_righthand": {
			"translation": [0, 3, 1],
			"scale": [0.55, 0.55, 0.55]
		},
		"thirdperson_lefthand": {
			"translation": [0, 3, 1],
			"scale": [0.55, 0.55, 0.55]
		},
		"firstperson_righthand": {
			"rotation": [0, -90, 25],
			"translation": [1.13, 3.2, 1.13],
			"scale": [0.68, 0.68, 0.68]
		},
		"firstperson_lefthand": {
			"rotation": [0, -90, 25],
			"translation": [1.13, 3.2, 1.13],
			"scale": [0.68, 0.68, 0.68]
		},
		"ground": {
			"translation": [0, 2, 0],
			"scale": [0.5, 0.5, 0.5]
		},
		"head": {
			"rotation": [0, -180, 0],
			"translation": [0, 13, 7]
		},
		"fixed": {
			"rotation": [0, -180, 0]
		},
		"on_shelf": {
			"rotation": [0, -180, 0]
		}
	},
	"groups": [
		{
			"name": "magma_cube_spawn_egg",
			"origin": [8, 8, 8],
			"color": 0,
			"children": [0, 1, 2, 3, 4, 5, 6, 7, 8, 9, 10]
		}
	]
}