{
	"format_version": "1.9.0",
	"credit": "Made with Blockbench",
	"textures": {
		"0": "block/redstone_torch_off",
		"1": "block/repeater",
		"2": "block/smooth_stone",
		"particle": "block/redstone_torch_off"
	},
	"elements": [
		{
			"name": "redstone_torch_off_0",
			"from": [7, 2, 10],
			"to": [9, 7, 12],
			"faces": {
				"north": {"uv": [7, 6, 9, 11], "texture": "#0"},
				"east": {"uv": [7, 6, 9, 11], "texture": "#0"},
				"south": {"uv": [7, 6, 9, 11], "texture": "#0"},
				"west": {"uv": [7, 6, 9, 11], "texture": "#0"},
				"up": {"uv": [7, 6, 9, 8], "texture": "#0"}
			}
		},
		{
			"name": "redstone_torch_off_1",
			"from": [7, 2, 2],
			"to": [9, 7, 4],
			"faces": {
				"north": {"uv": [7, 6, 9, 11], "texture": "#0"},
				"east": {"uv": [7, 6, 9, 11], "texture": "#0"},
				"south": {"uv": [7, 6, 9, 11], "texture": "#0"},
				"west": {"uv": [7, 6, 9, 11], "texture": "#0"},
				"up": {"uv": [7, 6, 9, 8], "texture": "#0"}
			}
		},
		{
			"name": "repeater_base",
			"from": [0, 0, 0],
			"to": [16, 2, 16],
			"faces": {
				"north": {"uv": [0, 14, 16, 16], "texture": "#2", "cullface": "north"},
				"east": {"uv": [0, 14, 16, 16], "texture": "#2", "cullface": "east"},
				"south": {"uv": [0, 14, 16, 16], "texture": "#2", "cullface": "south"},
				"west": {"uv": [0, 14, 16, 16], "texture": "#2", "cullface": "west"},
				"up": {"uv": [0, 0, 16, 16], "texture": "#1"},
				"down": {"uv": [0, 0, 16, 16], "texture": "#2", "cullface": "down"}
			}
		}
	],
	"groups": [
		{
			"name": "repeater_3tick",
			"origin": [0, 0, 0],
			"color": 0,
			"children": [0, 1, 2]
		}
	]
}